Tamanho_Amostra,Média_das_Médias,Desvio_Padrão_das_Médias,Erro_Padrão_Teórico,Assimetria,P_valor_Shapiro
5,18.84918,13.944403822587638,14.082862352427506,7.336310548135215,4.5325426121412045e-90
50,18.90429,4.511490790283749,4.453392100830781,2.4627960884397306,1.4069485466132053e-69
