Origem,N,Média,Desvio_Padrão,Mínimo,Máximo
MG,100000,18.85623,31.49039499016909,1,2266
