Fator,F_statistic,p_value,Significante
Meses,18.555483164563245,1.0766395744420909e-37,Sim
Anos,4.78556188427505,6.7313530468463665e-09,Sim
